rank,name,login,contributions,company,organizations
1,Evan You,yyx990803,1894,vuejs,vuejs
2,dan,gaearon,11849,@facebook ,"facebook,stampsy,reactjs,cssinjs,babel,styled-components,react-dnd"
3,Brad Traversy,bradtraversy,255,Traversy Media,
4,Andrej,karpathy,381,,
5,Siraj Raval,llSourcell,101,,
6,Stephen Grider,StephenGrider,40,,
7,Diego Fernandes,diego3g,568,@Rocketseat ,"Rocketseat,getomni,rocketseat-content,rocketseat-education"
8,Bucky Roberts,buckyroberts,818,thenewboston,thenewboston-developers
9,,WebDevSimplified,165,WebDevSimplified,
10,Sarah Drasner,sdras,83,Netlify,"vuejs,workfloapp,WebAnimationWorkshops"
11,Mike Bostock,mbostock,2242,@observablehq ,"protovis,d3,topojson,observablehq"
12,Anthony Fu,antfu,7274,@Nuxt,"vuejs,nuxt,intlify,wenyan-lang,vitejs,type-challenges,antfu-sponsors,vue-reactivity,knightlyjs,codecember-ink,vueuse,windicss,unjs,slidevjs,unocss,vitest-dev,esbuild-kit,mdit-vue,vite-pwa,elk-zone,ecosystem-ci"
13,Chris Wanstrath,defunkt,0,,mustache
14,Tim Pope,tpope,414,,vim-ruby
15,编程随想,programthink,0,,
16,David J. Malan,dmalan,299,@harvard,"cs50,harvard,hbap,code50,submit50"
17,,mrdoob,377,,"xplsv,threejs"
18,Krish C Naik,krishnaik06,293,Panasonic IIC,
19,Simo Edwin,developedbyed,105,developedbyed,
20,Keijiro Takahashi,keijiro,1450,Unity Technologies Japan,radium-software
21,云风,cloudwu,485,ejoy.com,
22,Fengda Huang,phodal,6742,@thoughtworks,"ThoughtWorksInc,archguard,inherd,datum-lang,modernizing,feakin,prompt-engineering,unit-mesh"
23,Daniel Shiffman,shiffman,1741,@CodingTrain @ITPNYU @processing ,"processing,ITPNYU,CodingTrain,ml5js,Open-Source-Studio-at-ITP,AI-Lab-ITP,nature-of-code"
24,Armin Ronacher,mitsuhiko,1767,Sentry,"getsentry,python,python-babel,rust-lang-nursery,lektor,pallets,maintainers,actix,austrianredcross"
25,Donne Martin,donnemartin,656,@facebook,
26,,vczh,1913,,vczh-libraries
27,Jonas Schmedtmann,jonasschmedtmann,110,,
28,John Resig,jeresig,1644,@Khan ,"Khan,jquery"
29,David Heinemeier Hansson,dhh,1994,Basecamp,"rails,basecamp,tolk,hotwired,mrsked"
30,Sebastian Raschka,rasbt,1470,"@Lightning-AI , University of Wisconsin-Madison","conda-forge,psa-lab,iPRoBe-lab,Raschka-research-group,BioPandas"
31,Salvatore Sanfilippo,antirez,657,Redis Labs,
32,Phil Wang,lucidrains,3828,,
33,Abu Anwar,abuanwar072,417,,
34,小鱼,sofish,164,,
35,Jake Archibald,jakearchibald,529,,googlers
36,Brian Vaughn,bvaughn,2599,@RecordReplay,forms-js
37,Fernando,Klerith,608,Profesor y Full Stack Developer,
38,Todd Motto,toddmotto,947,@ultimatecourses,"conditionizr,fullstackio,HTML5Hub,html5blank,AngularAir,GoogleDeveloperExperts,ngmigrate,UltimateAngular,ultimatecourses"
39,Tanner Linsley,tannerlinsley,1987,@nozzle,
40,Shaofei Cheng,wintercn,23,,"mhtml5,kissjs,amfe"
41,John Hammond,JohnHammond,69,,
42,Harrison,Sentdex,27,YouTube.com/Sentdex,
43,Andreas Mueller,amueller,126,Microsoft,"scikit-learn,scikit-image,pystruct,NYU-MSDSE-SWG,scikit-learn-contrib"
44,Anurag Hazra,anuraghazra,531,@razorpay,"razorpay,ariakit"
45,Zeno Rocha,zenorocha,1643,@resendlabs,"h5bp,yeoman,braziljs,webcomponents,jquery-boilerplate,customelements,GoogleDeveloperExperts,devspace,wedeploy-examples"
46,浅墨（毛星云）,QianMo,0,Tencent,black-humour
47,Data Science Academy,dsacademybr,0,Data Science Academy,
48,冴羽,mqyqingfeng,51,Taobao FED,
49,Tianqi Chen,tqchen,1206,"CMU, OctoML","apache,dmlc,uwsampl,octoml"
50,Brais Moure,mouredev,1920,MoureDev by Brais Moure,
51,Julia Evans,jvns,195,,recursecenter
52,Lee Robinson,leerob,2798,@Vercel,vercel
53,fat,fat,258,Coinbase,"colossal,components,maker,twbs"
54,Jason Haddix,jhaddix,21,,
55,Devon Crawford,DevonCrawford,0,,
56,Yehuda Katz,wycats,594,@tildeio ,"rails,jquery,carlhuda,rubinius,guard,getbpm,bpm,emberjs,emberjs-addons,tildeio,tokaido,erikhuda,components,w3ctag,yarnpkg"
57,Milo Yip,miloyip,8,Tencent,
58,Yichun Zhang,agentzh,1653,OpenResty Inc.,"PerlChina,taobao,alibaba,openresty"
59,Corey Schafer,CoreyMSchafer,2,,
60,EGOIST,egoist,515,Mom's basement,"LightBulb,saojs"
61,Mu-An Chiou,muan,2646,@pdis,"tc39,whatwg,g0v,zeczec,railsgirlslondon,stylelint,dddddddddzzzz"
62,Offsec,offensive-security,0,OffSec Services Limited,
63,Shuo Chen,chenshuo,100,Google,
64,M了个J,CoderMJLee,1,小码哥 http://www.520it.com,
65,Jamie Kyle,jamiebuilds,149,@signalapp,"tc39,marionettejs,styled-components,maintainers,GET-TYPED,babel-utils,projectorjs,boltpkg,parcel-bundler,rustwasm,zaptst,rome-community,rehooks"
66,Tobias Koppers,sokra,3512,@vercel,"webpack,jmpressjs,babel,css-modules,vercel,webpack-contrib,maintainers,open-bot,openjs-foundation,OS-Maintainer-Feedback-Group"
67,Marlon,bedimcode,709,,
68,吴师兄学算法,MisterBooo,0,,
69,Atıl Samancıoğlu,atilsamancioglu,349,Academy Club,
70,Engin Demirog,engindemirog,77,,
71,Mateus Araújo,teteusAraujo,3,Itaú Unibanco - CTO,
72,Eugen,eugenp,13,Baeldung,
73,Minko Gechev,mgechev,267,Google,"angular,google,beerjs,HTTPArchive,SofiaJavaScript,guess-js"
74,Sophie Alpert,sophiebits,435,,reactjs
75,Rob Pike,robpike,31,,
76,Alex Gaynor,alex,3019,,"django,pypy,pypa,twisted,xattr,paramiko,python,pypi,wal-e,topazproject,PyCon,rust-lang,pyca,certifi,llvm,rustsec,rust-fuzz,fishinabarrel,rust-secure-code,psf,Rust-for-Linux,hallowauth"
77,Ryan Florence,ryanflorence,544,React Training,"ReactTraining,reach,remix-run"
78,Yihui Xie,yihui,2562,"Posit, PBC @rstudio","ggobi,rstudio,cosname,rbind"
79,纯洁的微笑,ityouknow,145,Freedom and dreams,
80,Kevin Markham,justmarkham,123,Data School,
81,Andrey Sitnik,ai,3472,,"evilmartians,gmate,postcss,spb-frontend,stylelint,logux,maintainers,browserslist,cssnano,r18n,storeon,nanostores"
82,Sadi Evren SEKER,BilgisayarKavramlari,14,Bilgisayar Kavramlari,
83,Matteo Collina,mcollina,4492,@platformatic,"Level,nodejs,mqttjs,pinojs,fastify,upringjs,openjs-foundation,platformatic"
84,Aplus Developer,aplus-developer,1,@aplus-framework,
85,Chris Coyier,chriscoyier,1024,CodePen,codepen
86,Joseph Redmon,pjreddie,29,,
87,Denny Britz,dennybritz,1774,,
88,Yan Chernikov,TheCherno,66,,
89,Daichi Furiya,wasabeef,2661,"CyberAgent, Inc.","EpicGames,cats-oss,FlutterGen"
90,Rasmus,rsms,1814,Playbit,
91,Mr.Simple,hehonghui,162,UIT,"simple-android-framework,simple-android-framework-exchange"
92,Owen Gong,phith0n,336,,"vulhub,Symbo1,opensec-cn"
93,Camila Cavalcante,cami-la,802,Digital Innovation One,
94,Jeff Heaton,jeffheaton,221,Reinsurance Group of America (@rgare),encog
95,Jun-Yan Zhu,junyanz,43," Carnegie Mellon University:",
96,Zach Holman,holman,1938,@americanoutlaws ,"libgit2,play,americanoutlaws"
97,Dave Cheney,davecheney,2985,GitHub,"gorilla,pkg,envoyproxy"
98,Bubbliiiing,bubbliiiing,1006,,
99,Darien Dawson DDCP,CodePromoter,1,Code Promotion Events,
100,Matheus Battisti - Hora de Codar,matheusbattisti,177,Hora de Codar,
101,Lucas Montano,lucasmontano,96,Disney Streaming Services,
102,Nader Dabit,dabit3,813,@lens-protocol,"CodeSouthLabs,jacksondevs,reactnativeeu,react-native-community,ReactNativeNews,react-native-training"
103,Ross Girshick,rbgirshick,2,UC Berkeley,
104,Deleted user,ghost,0,,
105,Fatih Kadir Akın,f,436,@teknasyon,"jstanbul,Teknasyon,stickker"
106,Colt Steele,Colt,4,Udacity,
107,Stephane Maarek,simplesteph,39,"@datacumulus, @conduktor",
108,Deborah Kurata,DeborahK,181,,
109,David DeSandro,desandro,1173,,"metafizzy,bower"
110,Prakhar Srivastav,prakhar1989,101,@Google at @firebase ,
111,Chanin Nantasenamat,dataprofessor,3424,Streamlit Inc.,
112,,2dust,611,,
113,Ross Wightman,rwightman,883,,
114,The Octocat,octocat,0,@github,
115,程序猿DD,dyc87112,134,,SpringForAll
116,Kevin Powell,kevin-powell,149,,
117,Christopher Olah,colah,9,,"hacklabto,TRUG,TheBikeshedAuthority,distillpub"
118,Rafeh Qazi,CleverProgrammer,79,Clever Programmer,
119,Mark Murphy,commonsguy,4,,
120,Tekkub,tekkub,3,,"TekNoLogic,tanuki"
121,Elzero Web School,ElzeroWebSchool,285,,
122,Daniel Stenberg,bagder,3077,@wolfSSL ,"Rockbox,pycurl,libssh2,NEAT-project,c-ares,curl,maintainers,GitHub-Stars,cpredef"
123,Joshua Comeau,joshwcomeau,1314,,
124,Theo Browne,t3dotgg,2124,CEO @ Ping.gg,"TanStack,pingdotgg,t3-oss"
125,Jeffrey Zhao,JeffreyZhao,1,,
126,Shawn Charles,CharlesCreativeContent,871,Amazon,
127,coolsnowwolf,coolsnowwolf,2724,,
128,Andrew Kane,ankane,5096,,"pgvector,ruby-ml"
129,Lilian,lilianweng,37,,
130,Luiz Otávio,luizomf,535,None,
131,戴铭,ming1016,113,starming,
132,Bruno Rocha,rochacbruno,551,@redhatofficial,"pythonbrasil,ansible,python,pulp,CastalioPodcast,ansible-galaxy,fedora-br,codeshow,rust-br,flask-brasil,app-sre,flasgger,flask-extensions,dynaconf"
133,니콜라스,serranoarevalo,3058,@nomadcoders ,nomadcoders
134,微醺岁月,jawil,1,Alibaba,
135,Sonny Sangha,sonnysangha,144,,
136,Anton Babenko,antonbabenko,468,weekly.tf + modules.tf + serverless.tf,"betajob,terraform-community-modules,ukrainian-github,terraform-aws-modules"
137,Kamil Mysliwiec,kamilmysliwiec,3261,@nestjs ,"nodejs,nestjs,TrilonIO"
138,Hacked Team,hackedteam,0,Hacking Team,
139,Mathias Buus,mafintosh,1355,Holepunch,"Level,nodeschool,datproject,nodejs,beakerbrowser,sodium-friends,hyperdivision"
140,André Staltz,staltz,2273,Self-employed,"ReactiveX,ssbc,cyclejs,snabbdom,maintainers,nodejs-mobile,callbag,scuttlebutt-eu,ssb-js,ssb-ngi-pointer"
141,Max Stoiber,mxstbr,237,@StellateHQ,"then,blocks,reactjs,postcss,elementalui,reactvienna,danger,styled-components,micro-analytics,react-boilerplate,system-ui,nice-boys,changefeed,StellateHQ"
142,Max Ogden,maxogden,230,,"Abacus,sudoroom,dataprotocols,voxeljs,voxel,browserify,fellows,stackgl,npm-dom,jsfest,cyberwizardinstitute,nodeconf,moose-team,csvconf,d-w3c,ScienceHackDayPDX,jsonlines"
143,Vinta Chen,vinta,2736,@perpetual-protocol,"CodeTengu,perpetual-protocol"
144,Fernando Cejas,android10,694,@TIGNUM,
145,Nicholas Renotte,nicknochnack,113,,
146,Eddie Jaoude,eddiejaoude,2416,Open Source Engineer,"sysen-limited,DashboardHub,octocademy,GitHub-Stars,OpenSourceCommerce,EddieHubCommunity,naomis-novas"
147,安正超,overtrue,665,Tencent Inc.,Laravel-Lang
148,Patrick Collins,PatrickAlphaC,1198,"Cyfrin, Chain Accel, Alpha Chain",
149,John Sundell,JohnSundell,55,,
150,swyx,sw-yx,2125,smol.ai,"GitHub-Stars,svelte-society"
151,Domenic Denicola,domenic,1193,Google,"tc39,whatwg,promises-aplus,w3ctag,jsdom,WebAssembly,web-platform-tests,googlers"
152,月影,akira-cn,760,ByteDance,"tc39,75team"
153,Leonidas Esteban,LeonidasEsteban,100,@no-te-rindas,
154,annie-n3,annie-n3,13,,
155,Linwei,skywind3000,74,,
156,自由上网,Alvin9999,1207,,
157,David Peter,sharkdp,1923,,
158,Justine Tunney,jart,1795,,
159,Historical Source,historicalsource,17,,
160,Randy Olson,rhiever,72,,swcarpentry
161,Koushik Kothagal,koushikkothagal,199,,
162,Rico Sta. Cruz,rstacruz,3582,,"nadarei,mashupgarage,js2coffee,mina-deploy,styledown,visionmedia,pnpm,standard"
163,Max Base,BaseMax,9343,@GitHub Open Source Maintainer,"collective,lubuntu-dev,phimpme,meilix,opensourcedesign,fossasia,fashiontec,OpnTec,libredesktop,GitIndonesia,ffii,loklak,dwyl,SlyFoxStudios,phpMussel,susiai,apachecn,maintainers,orgmanager,addy-org,DevvitIO,Konfire,Recyclero,coderyouth,Campus-Advisors,fcckarachi,risk-first,firstcontributions,yogdaan,One-Language,EwJs,Ctrl-Alt-Contributors,Jan-Server,MaxFork,stormsinbrewing,i5,Presentation-Creator,slurpcode,EddieHubCommunity,Takhfifan,DonyaOS,POSSF,railsdudes,Mireseh,NextCommunity"
164,alsotang,alsotang,32,Tencent,"cnodejs,cnpm,node-modules"
165,Graydon Hoare,graydon,774,,
166,Michael Fogleman,fogleman,332,@Formlabs ,
167,Martin Kleppmann,ept,263,University of Cambridge,"rapportive-oss,flowquery,octokey,trvedata,automerge"
168,开源中国,oschina,4,,
169,Terry.Mao,Terry-Mao,1,bilibili,go-kratos
170,Cyril Mottier,cyrilmottier,38,,
171,,Errichto,0,,
172,Rodrigo Branas,rodrigobranas,789,,
173,Miško Hevery,mhevery,684,Builder.io,
174,nswbmw,nswbmw,2838,,
175,Amusi,amusi,87,CVer,
176,Antonio Leiva,antoniolg,351,Freelance Kotlin trainer,Architect-Coders
177,Barry vd. Heuvel,barryvdh,169,@fruitcake ,"thephpleague,fruitcake"
178,Nicolas P. Rougier,rougier,688,@INRIA ,"matplotlib,scipy-lectures,INRIA,glumpy,ReScience,FR-RN"
179,Michael Straughan,mstraughan86,2,,
180,Jordan Harband,ljharb,4604,@tc39,"dreamerslab,w3c,oftn-oswg,tc39,coderwall-charity,coderwall-cub,coderwall-forked,es-shims,browserify,babel,nodejs,js-irc,jslicense,MinistryOfGIFs,tapjs,maintainers,tc39-transfer,openjs-foundation,nvm-sh,pkgjs,inspect-js,OS-Maintainer-Feedback-Group,enzymejs,jsx-eslint,ossf,import-js,react-dates"
181,Laravel Daily,LaravelDaily,43,Laravel Daily,
182,Li Haoyi,lihaoyi,183,,com-lihaoyi
183,Mohamed Said,themsaid,413,,"laravel,laravel-notification-channels"
184,IcyFenix,fenixsoft,52,@Huawei,
185,Wolf Warrier,wolfwarrier14,819,,
186,Way Lau,waylau,477,,
187,王下邀月熊,wx-chevalier,5021,UnionTech,"ng-tech-edu,mjolnirjs"
188,Jeff Gilfelt,jgilfelt,2156,readyState Software Ltd,
189,Rui Ueyama,rui314,5800,,"golang,llvm"
190,Andrew Mead,andrewjmead,911,Andrew Mead LLC,
191,Han Xiao,hanxiao,2877,@jina-ai,"lfai,jina-ai,docarray"
192,Samuel Reed,STRML,70,BitMEX,"SublimeLinter,strongloop"
193,Stefan,spacehuhn,450,Spacehuhn Technologies,
194,Gary Bernhardt,garybernhardt,848,Destroy All Software LLC,
195,Data Science Scoop,datasciencescoop,11,,
196,CJ R.,w3cj,640,@CodingGarden ,"CodingGarden,CodingGardenCommunity"
197,Safak,safak,7,,
198,Shu Ding,shuding,3494,@Vercel,"STU-Fudan,presenterx,vercel,inns,hackfdu,FDDNteam,cyatheatree,signsinchina"
199,Una Kravets,una,368,Google,"American-University-ACM,ukrave,opensourcedesign,sassydc,Sass-Director"
200,Andrew Kelley,andrewrk,2694,@ziglang ,"NixOS,recursecenter,expressjs,LMMS,PistonDevelopers,PrismarineJS,llvm,ziglang"
201,,coderwhy,34,coderwhy,
202,左程云,algorithmzuo,792,,
203,Philip Roberts,latentflip,3166,,
204,markzhai,markzhai,2,,
205,Marcus Ng,MarcusNg,872,,
206,Diram,dirambora,137,,
207,Tianfeng.Han,matyhtf,396,识沃科技,swoole
208,夜尽天明,biaochenxuying,6,酸菜鱼+黄焖鸡,
209,Yoni Goldberg,goldbergyoni,603,Yoni Goldberg,
210,Matthias Fey,rusty1s,4784,,"kumo-ai,pyg-team"
211,Can Deger,LuNiZz,62,,
212,David Robinson,dgrtwo,858,Heap,tidyverse
213,Jefferson Simão Gonçalves,jeffersonsimaogoncalves,41999,,
214,Will Koehrsen,WillKoehrsen,1406,@cortexintel,cortexintel
215,Paul O’Shannessy,zpao,253,@facebook ,"facebook,reactjs,relayjs,maintainers"
216,Nick Butcher,nickbutcher,0,@Google,
217,DouG Kalash,DGS1337,134,,
218,Learn with Sumit,learnwithsumit,2571,Learn with Sumit,
219,,Marak,298,marak.eth,bigcompany
220,Patrick Loeber,patrickloeber,401,AssemblyAI,
221,Jishan Shaikh,jishanshaikh4,585,,NVIDIAGameWorks
222,yck,KieSun,1158,,"InterviewMap,muya-ui"
223,vivekweb2013,vivekweb2013,278,,batnoter
224,Evan Czaplicki,evancz,1222,,elm
225,,AUTOMATIC1111,2506,,
226,Neal Fultz,nfultz,485,@njnmco,Mikata-Project
227,crossoverJie,crossoverJie,1341,,"lets-blade,TogetherOS,javagrowing,chongqingyuan"
228,,geektime-geekbang,0,,
229,Pete Hunt,petehunt,73,Smyte,shakacode
230,Ahmad Awais ⚡️,ahmadawais,3638,VP of DevRel @RapidAPI @Google GDE,"HTTPArchive,nodejs,postmatic,AdvancedWPRepos,WPTie,RapidAPI,maintainers,worwox,mdx-js,GitHub-Stars"
231,vczero,vczero,7,,"alibaba,JThouch,oneRed,ctrip-wireless-front-end-framwork,piggon,East-Team,weexteam,react-native-book,T-College,Cloud-Mobile,solomon-team"
232,Jake Lin,JakeLin,245,@realestate-com-au ,"realestate-com-au,IBAnimatable"
233,Keon,keon,173,,"mlpack,TizenTeam,nyu,rlcode,4337Mafia"
234,Xin Liu,livid,1419,,Planetable
235,Mort Yao,soimort,237,,
236,Jeferson Fernando,badtuxx,419,,
237,Murtaza Hassan,murtazahassan,0,,
238,Vladilen,vladilenm,52,Result School,
239,Georgios Konstantopoulos,gakonst,2162,,"interledger,paradigmxyz,foundry-rs"
240,Ash Furrow,ashfurrow,366,@shopify,"Shopify,ReactiveCocoa,kodecocodes,NotificationCenter,antitypical,Quick,accesscode-2-2,Moya,relay-tools,RxSwiftCommunity,danger,playgroundbooks,TheSwiftAlps,maintainers"
241,James Smith,loopj,400,,
242,Vladimir Kharlampidi,nolimits4web,1993,,"idangerous,framework7io,phenomejs,konstaui"
243,云游君,YunYouJun,2431,@Alipay @element-plus,"NVIDIAGameWorks,PaperStar,YunLeFun,ElpsyCN,SAO-UI,element-plus,advjs,galacean,valaxyjs"
244,James Bruton,XRobots,96,,
245,Ben Alman,cowboy,2,,"jquery,gruntjs,node-task"
246,Akkariiin,Akkariiin,0,,shadowsocksrr
247,Ramesh Fadatare,RameshMF,222,Java Guides,
248,Philip Walton,philipwalton,303,Google,"w3c,GoogleChrome,googleanalytics,GoogleWebComponents,santatracker,googlecodelabs,maintainers"
249,Alexey,AlexeyAB,46,Ex Intel,
250,Michelli Brito,MichelliBrito,29,Decoder,
251,Alex Ellis,alexellis,4472,@openfaas,"maintainers,openfaas,faas-and-furious,openfaas-incubator,openfaasltd,inlets,GitHub-Stars,self-actuated"
252,Qiusheng Wu,giswqs,4220,University of Tennessee,"conda-forge,pangeo-data,gee-community,opengeos"
253,,Visualize-ML,1040,,
254,Markus Junginger,greenrobot,35,@objectbox,objectbox
255,Researcher Source,researchersource,0,Red Team,
256,Aymeric Damien,aymericdamien,0,@Snapchat,tflearn
257,Joyee Cheung,joyeecheung,612,,nodejs
258,Cameron Davidson-Pilon,CamDavidsonPilon,1784,@Pioreactor,"DataOrigami,ControlledMold,Pioreactor"
259,Ariel Mashraki,a8m,2727,@ent and @ariga,"ariga,angular-filter,go-samples,Telecominfraproject,golangci,ent"
260,江南一点雨,lenve,98,,
261,Gwendolyn Faraday,gwenf,1435,Relevize,"Free-Code-Camp-Indy,FCC-Hackathon-Indy,indianapolis-blockchain-developers"
262,Igor Chubin,chubin,62,,
263,糖饼,aui,42,厦门-稿定科技（招前端）,gaoding-inc
264,Edo Maland,screetsec,4,,"NgeSEC,bashidorg"
265,Laurence Moroney,lmoroney,9,Google,google-developer-training
266,XiongNeng,yidao620c,11,"Huawei Technologies Co., Ltd.",
267,Josh Goldberg ✨,JoshuaKGoldberg,4325,,"FullScreenShenanigans,lesshint,budgielang,typescript-eslint"
268,Asahi Lina,asahilina,496,@AsahiLinux ,AsahiLinux
269,Codegrid - Youtube Channel,codegridweb,36,,
270,Sriyank Siddhartha,smartherd,323,,droidcon-academy
271,Tom Christie,tomchristie,506,Encode OSS,"django,encode"
272,Weiming Dong,dongweiming,51,Douban Inc.,"douban,douban-code"
273,Dreamacro,Dreamacro,498,,
274,Heng Li,lh3,583,DFCI & Harvard University,"samtools,ga4gh,bwa-mem2"
275,Andre Baltieri,andrebaltieri,668,@balta-io,
276,Francois Zaninotto,fzaninotto,3220,@marmelab ,"propelorm,marmelab"
277,David Nolen,swannodette,109,,"clojure,omcljs"
278,hustcc,hustcc,773,CN,"cn,ForkRepo,antvis,NetEaseGame,lint-md,AnyPlot"
279,Alexey Kutepov,rexim,1348,@rexim,"codingteam,HandmadeHero,tsoding,morganey-lang"
280,Joel Grus,joelgrus,84,,
281,zu1k,zu1k,648,,"mosn,beyondstorage"
282,Eduardo Mendes,dunossauro,1035,@livedepython,"cucumber,resumemakers"
283,Felix Yan,felixonmars,229509,Arch Linux @archlinux,"cucumber,linuxdeepin,archlinuxcn,archlinux,UbuntuKylin,LCTT,AOSC-Dev,fossasia,sjtug,WineAsCI,WHLUG,tuna,FZUG,CatNetworks,python-hyper,loongson-community,NyaaCat,x-deepin,TeaCI,YukariExpress,ukui,debian-dde-team,sb-sb,isrc-cas,plctlab,cutefishos,mirrorz-org"
284,Ian Storm Taylor,ianstormtaylor,441,,
285,Chris Oliver,excid3,3352,@gorails-screencasts ,"mercury-siue,Sqwid,gorails-screencasts,hatchboxio"
286,Joe,frontend-joe,1958,,
287,小傅哥,fuzhengwei,1201,公众号：bugstack虫洞栈,
288,Teddysun,teddysun,185,,XTLS
289,Pedro Henrique Machado,machadop1407,22,,
290,Sam Soffes,soffes,359,,
291,Kr328,Kr328,601,,
292,汪磊,zce,1541,@wedn @micua,"wedn,micua,apachecn,zceme,caz-templates"
293,,tmwilliamlin168,885,,
294,贤心,sentsim,731,Layui,layui
295,Richard Davey,photonstorm,2089,Photon Storm Ltd,
296,Marc Rousavy,mrousavy,1000,CEO at @margelo,"cuvent,Springsale,PinkPandaTeam,Colorwaver,margelo"
297,,thecodercoder,13,,
298,Steve Sanderson,SteveSandersonMS,383,Microsoft,"MSOpenTech,aspnet,Azure,dotnet"
299,Andy Pan,panjf2000,2254,@gnet-io,"golang,istio,doocs,gnet-io,golangclub"
300,Armagan Amcalar,dashersw,986,@coyotiv ,"tart,tart-summer-camp,vieuxio,WTMBerlin"
301,Kevin Naughton Jr.,kdn251,1,Google,
302,程序员泥瓦匠,JeffLi1993,203,,justwe-bigbang
303,Florina Muntenescu,florina-muntenescu,78,Google,
304,Online Hacking,OnlineHacKing,740,SUMAN MONDAL,
305,Evan Phoenix,evanphx,849,@hashicorp ,"rubycentral,rubygems,ruby,rubinius,larb,puma,Farmhouse,vektra"
306,Vasco Asturiano,vasturiano,760,@cloudflare ,bio-routing
307,Julian Gruber,juliangruber,1779,@protocol,"Level,expressjs,browserify,LXJS,datproject,protocol,nodejs,audiojs,filecoin-project,nice-registry,dat-land,random-access-storage,inspect-js,filecoin-station"
308,Xavier Ducrohet,ducrohet,7,Google,
309,Tesla Zhang‮,ice1000,4376,@risingwavelabs & @plctlab,"agda,JuliaEditorSupport,pest-parser,EmmyLua,ice1k,devkt-plugins,owo-lang,arend-lang,aya-prover,risingwavelabs"
310,Junio C Hamano,gitster,1394,Google,git
311,Kyle McDonald,kylemcdonald,763,,"fatlab,scratchml,ITPNYU"
312,Samuel Colvin,samuelcolvin,2468,@pydantic,"tutorcruncher,aio-libs,pytest-dev,conda-forge,rq,pydantic"
313,,3gstudent,197,,
314,Adrian Rosebrock,jrosebr1,32,,
315,Tayfun Erbilen,tayfunerbilen,317,@zetabilisim,
316,c0ny1,c0ny1,27,,
317,Ben Johnson,benbjohnson,1113,Fly.io,"boltdb,middlemost"
318,Bolei Zhou,zhoubolei,38,UCLA,genforce
319,Akira Matsuda,amatsuda,468,Freelance,"rails,esminc,ruby-no-kai,rubygems,ruby,cucumber,asakusarb,rails3recipebook,railsgirls,haml,railsgirls-jp,88labs,carrierwaveuploader,kaminari,rubykaigi,github-beta,moneyforward,rubyconfig,maintainers,hachidori-inc,simplecov-ruby"
320,Roy Binux,binux,12,,
321,Akshay Bahadur,akshaybahadur21,298,@Yahoo,
322,Daniel Lew,dlew,1770,,
323,Ben Weiss,keyboardsurfer,173,@Google ,"google,android"
324,Anisul Islam,anisul-Islam,558,"Full-stack trainer at Integrify, Finland",
325,Minjun Kim,velopert,552,,
326,,freefq,2175,,
327,Álvaro,alvarotrigo,595,,
328,Samantha Ming,samanthaming,441,GitLab,
329,Memo Akten,memo,49,,"openframeworks,numenta"
330,易枭寒,Yixiaohan,0,,
331,Yevgeniy Brikman,brikis98,446,@gruntwork-io ,gruntwork-io
332,Christopher Jenkins,chrisjenx,938,@instacart ,InflationX
333," brianway",brianway,120,HUST(Huazhong University of Science and Technology),
334,Paul Razvan Berg,PaulRBerg,3903,@sablierhq,sablierhq
335,Su Yang,soulteary,1190,,"alibaba,CNAEF,Pantimos,Meituan-Dianping,maildev,baai-tech-team,nginx-with-docker"
336,Jiwon Kim,kjw0612,5,SK T-Brain,
337,Ben Ramsey,ramsey,1812,@Skillshare,"php,phpcommunity,Skillshare,nashvillephp,thank-you-php"
338,Bret Fisher,BretFisher,786,"Indie cloud native DevOps instructor and consultant, @docker-captains","Code4HR,norfolkjs,757io,DockerHR,docker-captains,dockersamples,MostlyDevOps,DevOpsFans"
339,Sara Soueidan,SaraSoueidan,1505,Freelancer,
340,Sahat Yalkabov,sahat,2,SIMON Markets LLC,"recursecenter,simonmarkets"
341,Arafat Hussein,imArafatHussein,0,@infotrumLtd ,"infotrumLtd,rScriptJS,rFramework"
342,Alon Zakai,kripken,2245,,"emscripten-ports,WebAssembly,llvm,emscripten-core"
343,Dries Vints,driesvints,4146,@laravel ,"laravel,laravelio,fullstackbelgium,fullstackeurope,GitHub-Stars,blade-ui-kit"
344,Jordi Boggiano,Seldaek,1793,Packagist,"jackalope,symfony,doctrine,nelmio,composer,packagist"
345,Jeff Lindsay,progrium,458,progrium technology company,webpipes
346,Sibelius Seraphini,sibelius,7527,Woovi,"react-brasil,react-native-community,entria,Open-Pix,sibs-projects"
347,Muaz Khan,muaz-khan,0,,streamproc
348,Lex Tang,lexrus,40,MiHoYo.com,"objcio,NSNotFound,IBAnimatable"
349,,deepfakes,0,,
350,Ben Tristem,BenTristem,0,GameDev.tv,"CompleteUnityDeveloper,UnrealCourse,VirtualRealityDesigner,UnityCertifiedPrep,UnityRPG,CompleteUnityDeveloper2,UnrealMultiplayer,BlenderCharacters,UnrealVR,DiscoveringGodot,BlenderEnvironments,CompleteBlenderCreator2"
351,,safedaonetwork,0,,
352,Xipeng Qiu,xpqiu,18,Fudan University,"FudanNLP,fastnlp,open-nlplab"
353,,x0rz,0,,
354,Yigit Boyar,yigit,239,Google,
355,Nathan Marz,nathanmarz,2,,
356,Douglas Wilson,dougwilson,440,,"koajs,expressjs,stream-utils,repo-utils,crypto-utils,jshttp,pillarjs,nodejs,mysqljs,ExpressGateway"
357,Norman Maurer,normanmaurer,1037,@Apple @netty,"netty,mashupbots,vert-x,xnio,reactive-streams,apple"
358,Dr. Shayan (Sean) Taheri,shayan-taheri,1,Gannon University,
359,chybeta,CHYbeta,860,XMU,Ph0en1x-XMU
360,Benedek Rozemberczki,benedekrozemberczki,728,@isomorphiclabs,
361,Armon Dadgar,armon,7,HashiCorp,hashicorp
362,Daniel Reis,DanielHe4rt,791,@ScyllaDB and @he4rt,
363,dylan,dylanaraps,0,,kisslinux
364,Zed A. Shaw,zedshaw,3,,mongrel2
365,Dave Syer,dsyer,497,VMware,"spring-projects,scratches"
366,Tim Holman,tholman,82,,
367,Joel Arvidsson,oblador,312,,"github-beta,react-native-community,storybookjs,farm-fe"
368,,simondevyoutube,15,,
369,Hakan Yalcinkaya,hakanyalcinkaya,441,,
370,Shuichi Tsutsumi,shu223,119,,
371,Julien Klepatch,jklepatch,187,EatTheBlocks,
372,Ujjwal Karn,ujjwalkarn,1,,facebookresearch
373,André,origamid,142,Origamid,
374,Baye,waylybaye,2591,Indie Developer,
375,当耐特,dntzhang,205,Tencent,
376,Andrew Nesbitt,andrew,4499,@ecosyste-ms and @octobox ,"24pullrequests,bathruby,splitrb,octobox,themanifest,base62,foragepm,ecosyste-ms"
377,Adem ilter,ademilter,582,Upstash,
378,Selman Kahya,SelmanKahya,0,@uber ,
379,Kovid Goyal,kovidgoyal,4102,,
380,Klaus Post,klauspost,1503,@minio ,
381,Eric Wastl,topaz,6,,
382,Nikita Sobolev,sobolevn,2541,,"python,pytest-dev,conda-forge,ueberauth,remarkjs,danger,HypothesisWorks,wemake-services,maintainers,python-trio,ExHammer,dry-python,reviewdog,typeddjango,GitHub-Stars,lona-web-org"
383,Khaidi Chu,XadillaX,150,ByteDance,"w3c,alipay,tc39,huaban,cnpm,nodejs,BoogeeDoo,eggjs,NBUT-Developers,NodeParty-China,midwayjs,artusjs"
384,codefollower,codefollower,654,Lealone,lealone
385,Riti Kumari,riti2409,37,SDE -II @ Walmart Global Tech,
386,Khalil Stemmler,stemmlerjs,80,khalilstemmler.com,
387,浅梦,shenweichen,67,@Alibaba,ARASC
388,James Newton-King,JamesNK,1384,Microsoft,"microsoft,aspnet,grpc,dotnet,Newtonsoft,dotnet-foundation"
389,Vincent Driessen,nvie,2029,@liveblocks,"3rdcloud,jazzband"
390,Donn Felker,donnfelker,666,donnfelker.com,"Agilevent,AgileMedicine,AndroidJobs,CasterIO"
391,Paul Miller,paulmillr,1524,,"brunch,chaplinjs,ethereumjs,micromatch,fsevents"
392,Fedor Indutny,indutny,635,@signalapp,"libuv,js-js,nodejs,peerlinks"
393,Kitty Giraudel,KittyGiraudel,1116,Cofenster,SassDoc
394,yetone,yetone,2149,@BentoML,bentoml
395,Will 保哥,doggy8088,981,多奇數位創意有限公司,"miniasp,AngularTaiwan"
396,Jeff Rafter (he/him),jeffrafter,1220,GitHub,docmeta
397,Olivier Halligon,AliSoftware,1576,Freelance on iOS Tooling and DX,
398,Brad Frost,bradfrost,99,Brad Frost Web,pattern-lab
399,Ben Newman,benjamn,787,"Meteor/Apollo (formerly: Facebook/Instagram, Quora, Mozilla)","tc39,apollographql,standard-things"
400,Adam Argyle,argyleink,1822,@google,googlers
401,Thomas Fuchs,madrobby,256,Slash7 LLC,cheerful
402,Devine Lu Linvega,neauoire,946,@hundredrabbits,"Collegiennes,merveilles,MuteLang,XXIIVV,hundredrabbits"
403,Yuri Cunha,isyuricunha,7880,,hoodyth
404,Juan Benet,jbenet,216,Protocol Labs,"athenalabs,datastore,protocol,webrtcftw,ipfs,multiformats,filecoin-project"
405,Aman Gupta Karmani,tmm1,2635,Fancy Bits LLC,"rubinius,postrank-labs,graphite-project,fancybits"
406,Tyr Chen,tyrchen,1496,@tubi ,
407,John Wiegley,jwiegley,1612,@kadena-io ,"ledger,lens,haskell-nix"
408,Chris Richardson,cer,872,"Eventuate, Inc",
409,,fatedier,231,,"gofrp,dora-x"
410,Yue Zhao,yzhao062,155,Carnegie Mellon University,"pyg-team,pygod-team,Open-Source-ML"
411,AKSHAT RASTOGI,AkshatRastogi-1nC0re,440,Bennett University,
412,Rafael Caferati,rcaferati,165,,
413,Michael Hartl,mhartl,151,"Independent scholar, formerly Learn Enough/Rails Tutorial",
414,柳婼,liuchuo,34,,
415,Kylie,kying18,107,,
416,,S3cur3Th1sSh1t,299,r-tec IT Security GmbH,
417,达峰的夏天,xudafeng,820,@macacajs @alibaba @nodejs,"alipay,alibaba,node-modules,uestcer,pillowjs,electron-modules,app-bootstrap,feedit,iscanner,doing-data-science,macacajs,ai-modules,hiloteam,maintainers,httprunner,umijs,yuque,X-Profiler"
418,Marko Denic,markodenic,181,@webideenreich,
419,joe armstrong,joearms,0,,
420,Rasmus Lerdorf,rlerdorf,30,Etsy,php
421,温绍锦,wenshao,2479,Alibaba,"AlibabaTech,webx,alibaba,trinodb"
422,Coda Hale,codahale,1887,,
423,Somshubra Majumdar,titu1994,1141,NVIDIA,
424,Axel Souchet,0vercl0k,152,,doar-e
425,Richard Littauer,RichardLitt,491,@Open-Source-Collective ,"readthedocs,LearnNavi,contribute-md,opensourcedesign,nodeschool,papers-we-love,fossasia,mas-collective,BeagleLab,regexhq,ipfs,LowResourceLanguages,OKFN-OWLG,opencollective,libp2p,pitonneux,remarkjs,retextjs,adventure-js,nock,multiformats,unifiedjs,sustainers,syntax-tree,vfile,orbitdb,maintainers,rehypejs,orgmanager,mntnr,in-development-ca,opensourcecities,mdx-js,crowdin-node,redotjs,lassi-niruvanam,micromark,ambientsprotocol,Open-Source-Collective,foss-responders,digitalinfrastructurefund,ospoplusplus"
426,Ryan Bigg,radar,816,,redis-store
427,Leah Neukirchen,leahneukirchen,1615,,"rack,void-linux,notqmail"
428,Aaron Gable,aarongable,856,Let's Encrypt,luci
429,Aimeos,aimeos,2498,,
430,"Li,Weitao",luckyadam,13,"JD.com, Inc.",
431,Julien Chaumond,julien-c,2041,@huggingface ,"popshop,twitpoker,openleap,httpswift,DeepNLP,huggingface,Hugging-Face-Supporter"
432,Paul Stoffregen,PaulStoffregen,188,PJRC,firmata
433,Wolfgang,notthebee,465,,
434,omar,ocornut,1579,Disco Hello / Lizardcube,dearimgui
435,Medcl,medcl,43,INFINI Labs,"elasticsearch-cn,infinilabs"
436,Justin Windle,soulwire,1,,
437,Sadanand Pai,sadanandpai,263,CoinDCX,
438,Matt Layher,mdlayher,3820,@planetscale,"NixOS,golang,pkg,WireGuard,planetscale,inetaf,gofrs"
439,Bhrugen Patel,bhrugen,110,,
440,Rubens Zimbres,RubensZimbres,749,,
441,Jeremy Soller,jackpot51,3327,System76,"system76,redox-os,pop-os,rust-windowing"
442,Mckay Wrigley,mckaywrigley,980,,
443,Adam Morse,mrmrs,716,@components-ai,"cssstats,dwyl,basscss,tachyons-css,c8r"
444,Igor Kroitor,kroitor,4290,@ccxt,ccxt
445,Carlos Polop,carlospolop,1570,,
446,lessfish,lessfish,49,,"anystars,anymusic"
447,Useme Alehosaini,ualehosaini,3,Wide IT Solutions,
448,Tony Bai,bigwhite,367,reachauto,
449,Nik,WerWolv,2238,,AtlasNX
450,Mark Allison,StylingAndroid,6,Styling Android Limited,
451,Erik Bernhardsson,erikbern,3761,,
452,Yosh,yoshuawuyts,1021,@microsoft ,"rust-lang,microsoft,choojs,datrs,http-rs,mild-times"
453,Jackie Loong,dragen1860,16,,
454,Drew DeVault,ddevault,30,SourceHut,"KnightOS,swaywm"
455,longpanda,ventoy,217,,
456,Anitaa Murthy,anitaa1990,172,,
457,Ryan Cavanaugh,RyanCavanaugh,417,Microsoft,"DefinitelyTyped,microsoft"
458,Renato,hyper0x,74,Freelancer,"Go-Docker-Hackathon,GoHackers"
459,Paige Bailey,dynamicwebpaige,19,@GitHub,"NewPublicArtFoundation,pyOpenSci,data-apis"
460,Michael Herman,mjhea0,655,Myself,
461,Stefanie Kondik,cyanogen,6,Mason,CyanogenMod
462,Pete Warden,petewarden,142,Google,
463,Erik Rasmussen,erikras,75,,"redux-form,final-form,BudgetForOpenSource"
464,Sunface,sunface,760,course.rs,"open-telemetry,rustlang-cn,MyStarship"
465,东方有鱼名为咸,Mr-xn,429,学习的本质是模仿，创造的精髓在洞察。,
466,Gajus Kuizinas,gajus,8519,,"anuary,webpack"
467,Matt Raible,mraible,2313,@okta,"appfuse,oktadev"
468,rtomayko,rtomayko,0,,
469,Haris Ali Khan,haris989,0,,
470,Alex / KATT,KATT,8574,,"KATTCORP,trpc"
471,yui540,yui540,1435,,
472,Stéphane Nicoll,snicoll,2731,"VMware, Inc.","spring-projects,bsblabs,snicoll-scratches,HackYourFutureBelgium"
473,Yang Song,yang-song,225,OpenAI,ermongroup
474,Kris Mok,rednaxelafx,545,Databricks,
475,Christian Muehlhaeuser,muesli,638,,"tomahawk-player,openlab-aux,techcultivation,nextcloud,knoxite,charmbracelet,owncast"
476,Vasa,vasanthk,13,@Pinterest,"pinterest,citrix-web,javascript-patterns,Growth-Tools"
477,Baidu FEX Team,BaiduFE,0,Baidu,fex-team
478,Roman Efimov,romaonthego,0,,sonataphp
479,,MachineLearnia,0,,
480,Heather Miller,heathermiller,94,Carnegie Mellon University,"scala,scala-ide,lampepfl"
481,Boudjada Yasser,yasserbdj96,23268,Freelancer,team-from-dz
482,Diu,ddiu8081,1514,@DiDi,moegi-design
483,feihong,feihong-cs,0,,
484,0x,0xfff0800,71,https://bye-thost.com,
485,Jeff Posnick,jeffposnick,325,,
486,Vi,iissnan,7,,axex
487,EDMTDev,eddydn,1,EDMTDev,
488,Nathan Adams,Dinnerbone,1069,@Mojang,Bukkit
489,JEECG,zhangdaiscott,579,北京敲敲云科技有限公司,jeecgboot
490,Paco,pacocoursey,1618,@linear ,linear
491,Yorkie Makoto,yorkie,53,,"tc39,alibaba,koajs,pixbi,clibs,naruto-star,bpkg,node-forward,ioschool,weflex,tick-tick-app,moeoverflow,yodaos-project,imgcook"
492,Chris Ohk,utilForever,5359,@corp-momenti,"EpicGames,NVIDIAGameWorks,rust-kr,HandmadeHero,CppKorea,RustFestEU,reinforcement-learning-kr,corp-momenti,OxideEngine,CubbyFlow,CubbyTeam,PensoTeam,GitchhikerTeam,UTiL-Cup,God-saeng,cafe-codings"
493,Rajkumar Dusad,rajkumardusad,797,,"unicframework,opensnip,routejs"
494,吕文翰,johnlui,42,@ZhuFaner ,"golaravel,TinyLara,Lucky-Orange,ZhuFaner,Pinatra"
495,Robbie,robbiehanson,199,,
496,,anathlab,139,Polish-Japanese Academy of Information Technology,
497,,Anuken,2402,,MindustryGame
498,Brian Lovin,brianlovin,2927,@campsite,specfm
499,Lucas Rocha,lucasr,0,Facebook,
500,Dipanjan (DJ) Sarkar,dipanjanS,40,,
501,Swizec Teller,Swizec,2031,,"Preona,Psywerx"
502,Shiqi Yu,ShiqiYu,92,Southern University of Science and Technology,opencv
503,,phanatagama,1853,Vengeful Ghost,"collective,hackclub,NVIDIAGameWorks,jazzband,fnplus,thank-you-php,risk-first,BugHunterID,dev-protocol,Pemrograman-Fasilkom-Unej,Chinuon,Tech-Phantoms,EddieHubCommunity,cloudcommunity,golang-friends,CodXCrypt,CodeAvailable,SurPathHub,Alphasians,EquiCode,chryz-hub,PUGroups,BITDurg-git,naomis-novas,Design-and-Code,Coders-Evoke-Community,CodeVisors,CURAJ-Open-Source-Community,The-CODE-Plus-Plus-Community,tinderzone,OpInCo-Community,Jaidevstudio,Eaglion-Programmers,WebXDAO,Bauddhik-Geeks,Robotics-Club-BMU,Media-Kreasi-Abadi,bemilkomunej,tzztson-federation"
504,Andre Weissflog,floooh,1535,,
505,大深海,chenshenhai,390,@idrawjs,idrawjs
506,Justin Spahr-Summers,jspahrsummers,78,,"bitswift,ReactiveCocoa,Squirrel,antitypical,Mantle,Carthage,ArbiterLib,bankroll-py,antequant,cophites"
507,Gabriel Froes,gabrielfroes,5,RW Studio,
508,Jeff Atwood,coding-horror,88,,discourse
509,Aref Moqadam Mehr,ArefMq,2,,mrlspl
510,,odersky,1201,,
511,梁少峰,youngwind,0,Tencent,
512,Coding With Enjoy,CodingWithEnjoy,372,,
513,,atomiks,1445,,
514,Juho Vepsäläinen,bebraw,2212,@SurviveJS,"antwarjs,survivejs,reactabular"
515,Bert Belder,piscisaureus,962,,"tc39,gypified,maia-tool,node-inspector,strongloop-community,nujs,github-beta,strongloop-forks,node-forward,linuxfoundationorg,NodeSummit,taphub,tc39-transfer,propelml,denoland"
516,Kyle Robinson Young,shama,1440,YNAB.,"croogo,gruntjs,webpack,jmpressjs,node-task,nko4,voxel,ynab,moose-team,OpenSourceSystemPodcast,weekend-tacos-github,choojs"
517,Raja Yogan,rajayogan,4,,
518,Marcy Sutton-Todd,marcysutton,170,,"whatwg,thewebplatform,A11yance,reach,a11ySea,testing-accessibility"
519,Qidar Sarhan,QuidarSarhan,1,,
520,Kevin Oliveira,kvnol,1159,@dindigital,"wpbrasil,dindigital,frontendbr,bandas1album,downstagebra"
521,"Earle F. Philhower, III",earlephilhower,825,,
522,,striver79,0,,
523,oasisfeng,oasisfeng,86,,
524,Raymond Chen,oldnewthing,110,Microsoft,microsoft
525,hackerman,aeneasr,35979,"@ory, @serlo","serlo,gobuffalo,ory,eisbachcallin,ory-corp"
526,Fengyuan Chen,fengyuanchen,87,,
527,rauno,raunofreiberg,1171,,vercel
528,Leland Richardson,lelandrichardson,41,Google,"SIOPCO,techdotpro,androidx"
529,Luke Stephens (hakluke),hakluke,383,@haksecio ,Infosec-Community
530,Raphael,glepnir,2105,,"neovim,nvim-telescope,nvimdev"
531,Thorsten Ball,mrnugget,2486,@sourcegraph ,"nodecopter,applikatoni"
532,Andrew Brogdon,RedBrogdon,118,"Google, Inc.",
533,Boris Bügling,neonichu,866,@Apple ,"CocoaPods,GitSubmodules,apple,SlatherOrg,danger,FixIssue"
534,Xinlei Chen,endernewton,17,Meta,
535,shidenggui,shidenggui,4,,
536,godbasin,godbasin,26,,
537,Sourabh Bajaj,sb2nov,1351,@corise-edu,
538,Diego Velásquez,diegoveloper,1124,,"flutter,FlutterPeru"
539,,nzw9314,0,,
540,,shack2,5,,
541,Paul Kinlan,PaulKinlan,2492,Google,"GoogleChrome,html5rocks,WebIntents,web-starter-kit,GoogleChromeLabs"
542,Yannic Kilcher,yk,1029,,
543,黄伟平,Nightonke,9,Tencent,
544,Mike Perham,mperham,850,Contributed Systems,
545,Belleve,be5invis,685,,
546,Shusen Wang,wangshusen,56,Xiaohongshu,
547,Joel Yliluoma,bisqwit,33,,
548,Jefferson Martines,JeffersonRPM,223,,
549,malwareunicorn,malware-unicorn,15,malwareunicorn.org,
550,Alice Zhao,adashofdata,52,,
551,,algebric,0,,
552,Wenzel Jakob,wjakob,882,EPFL,"mitsuba-renderer,pybind"
553,元彦,yuanyan,25,Lark,"kissyteam,w3c,tc39,alibaba,taskjs"
554,wyouflf,wyouflf,5,,
555,Ives van Hoorne,CompuIves,2801,@codesandbox,codesandbox
556,Livoras,livoras,1,,TableGroup
557,Leonardo Maldonado,leonardomso,1659,,react-brasil
558,Wesley Willians,wesleywillians,226,Full Cycle,codeedu
559,Tony Morris,tonymorris,29,,"scalaz,bfpg,ermine-language,argonaut-io"
560,Okami 0xff666 λ,Okami0xff666,48,Cyber0xff666,
561,Julien Le Coupanec,LeCoupa,6142,@TheCompaniesAPI,"thecompaniesapi,the-loft,resilienceclub,prose-im"
562,Michaël,michael-dm,294,OneClickStudio,
563,Chief Editor / onelinerhub.com,nonunicorn,3758,https://github.com/Onelinerhub,
564,Shervine Amidi,shervinea,0,,
565,Beau Carnes,beaucarnes,51,freeCodeCamp.org,freeCodeCamp
566,Brian Seymour,realtux,17,Helix,"tierlabs,keyarmory,engineer-man,rapidsockets"
567,patak,patak-dev,2791,@StackBlitz,"vuejs,stackblitz,Leniolabs,vitejs,vueuse,vitest-dev,elk-zone"
568,Mara Bos,m-ou-se,744,,"rust-lang,NuxiNL,wg21link,fusion-engineering-forks,fusion-engineering"
569,Ryan Carniato,ryansolid,1068,,solidjs
570,PatrickJS,PatrickJS,395,Open Source,"angular,monsoonco,keychain,webpack,hackreactor,angularjs-in-action,fullstackio,ng-newsletter,FACTORYX,RedditInsight,vue-software,NodeProgram,AngularAir,ReactWeek,AngularClass,typings,AngularShow,typed-typings,storybookjs,ng-cruise,maintainers,nguniversal,onespeed-io,herodevs,rome-community,hizenapp,yecombinator,wasmpolyfills"
571,Michael Reeves,michaelreeves08,0,,
572,WeChat,tencent-wechat,0,Tencent,
573,Wan Youwen,Ewenwan,10,Tongji University,
574,Will Vincent,wsvincent,206,"LearnDjango, @django",
575,三咲智子 Kevin Deng,sxzz,4714,@NaturalSelectionLabs,"vuejs,EpicGames,NVIDIAGameWorks,LGBT-CN,vueuse,NaturalSelectionLabs,HMUniversity,opensource-f2f,open-jike,oelta,Crossbell-Box,sxzz-dev,sxzz-sponsors,elk-zone,vue-macros,ecosystem-ci"
576,Akshay Kashyap,akashyap2013,21,daily tuition,
577,Greg Brockman,gdb,11,,
578,,XhmikosR,2676,,"validator,h5bp,gruntjs,twbs,PeerBlock,MaxCDN,CSSLint,imagemin,stylelint,pi-hole,dependents,uncss,svg-sprite,stylelint-scss"
579,Steven,styfle,4276,@vercel,"rockharbor,nodejs,SpendBridge,vercel,gridsome,markedjs,maintainers,ceriously,badgen,tracefashion,president-business-corp"
580,Anish Agnihotri,Anish-Agnihotri,541,,
581,Yves Hilpisch,yhilpisch,2,The Python Quants | The AI Machine,
582,Francesco Ciulla,FrancescoXX,1159,@dailydotdev ,
583,TheCodeholic,thecodeholic,495,@apolloeleven Apollo11,"omcrn,apolloeleven,bdesk"
584,Dave Smith,devunwired,0,Google,"360Conferences,DenverDroids"
585,Piotr Mińkowski,piomin,1102,,
586,Shekhar Gulati,shekhargulati,8,,
587,pedro ubuntu,r00t-3xp10it,1743,@Suspicious-Shell-Activity,
588,Jen Looper,jlooper,991,@Amazon,
589,Michael Rose,mmistakes,493,,
590,Pascal Hartig,passy,100,@facebook,"facebook,yeoman,tastejs,webcomponents,stadthack,UnicornConf,tooling,taptapship,deprecate,BirdOrgUKLearn,woofwoofinc,facebookincubator"
591,Marcel Dempers,marcel-dempers,81,,
592,Vaughn Vernon,VaughnVernon,269,Kalele,
593,Liroy Leshed,liroyleshed,7,,
594,litten,litten,0,Tencent,
595,Yuri Artiukh,akella,26,riverco.de,coderiver
596,MagicSource,lucasjinreal,977,Google,
597,Ben Nadel,bennadel,3558,Kinky Solutions,
598,Kevin Junyang Cui,kevinjycui,412,McGill University,
599,Paulus Schoutsen,balloob,5667,"@home-assistant, @nabucasa","home-assistant,maintainers,hassio-addons,NabuCasa,esphome"
600,shanyue,shfshanyue,504,山岳科技,
601,Gabriel Faraday,gabrielfaraday,725,,
602,Cure53,cure53,234,Fine penetration tests for fine websites,
603,Hannes Dorfmann,sockeqwe,102,,OpenConference
604,Kimmy Wang,kw214,7113,,"cwamp,alisoft"
605,Fernando Rojo,nandorojo,3826,BeatGig,
606,Laurens van der Maaten,lvdmaaten,19,,facebookresearch
607,Photopea,photopea,30,,
608,Tomomi ❤ Imura,girliemac,67,Microsoft,"coremob,microsoft,Azure,MicrosoftDocs,MicrosoftCopilot"
609,Chiu-Ki Chan,chiuki,0,,
610,C. L. Wang,SpikeKing,0,BioMap Biotech Company,
611,Sonny Lazuardi,sonnylazuardi,133,@grab,
612,Jean Tampon,johnBuffer,517,,
613,Janishar Ali,janishar,597,@curiousjr,MindorksOpenSource
614,倾旋,Rvn0xsy,5734,@0x727 ,
615,Morten Rand-Hendriksen,mor10,265,LinkedIn Learning,WPYVR
616,Jordan Scales,jdan,1327,Notion,makenotion
617,Ayaka Ikezawa,ikeay,24,,
618,midnite_runr,secretsquirrel,4475,,"ShellcodeSmuggler,Genetic-Malware"
619,qiibeta,qii,1,,bytedance
620,Charlie Robbins,indexzero,215,,"nodejitsu,nko,flatiron,EmpireJS,pkgcloud,bigpipe,winstonjs,foreversd,warehouseai"
621,Winnie,Stitchpunk,0,Facebook,
622,尼古拉斯.赵四,fourbrother,0,,
623,Miroslav Stampar,stamparm,421,,"sqlmapproject,Super-Guesser"
624,Chris Sev,chris-sev,2901,,scotch-io
625,Shradha Khapra,shradha-khapra,4,,Apni-Kaksha-Official
626,Jason Cooke,Jason-Cooke,17,Spark NZ,"verdaccio,moduate"
627,Catherine,whitequark,764,@ChipFlow,"ocaml,openrisc,ruby-llvm,nanoc,rust-lang,rust-fuzz,ocaml-cross,YosysHQ,GlasgowEmbedded,rust-embedded-community,nmigen,YoWASP,amaranth-lang"
628,Ricter Zheng,RicterZ,282,Independent Security Researcher,"mycard,NyaaCat,0xFA-Team,BGmi,ossf"
629,@greweb,gre,1498,@ledgerhq,"stackgl,react-native-community,react-community,gl-transitions"
630,Liang Zhang,terrymanu,8235,@apache @SphereEx,"apache,SpringCloud,elasticjob,OpenSharding"
631,Leandro Moreira,leandromoreira,1002,@shopify ,"clappr,pettsy"
632,Thomas Watson,watson,405,@elastic,"opbeat,hubot-archive,nodeschool,webtorrent,elastic,nodejs,adventure-js,pinojs,standard"
633,Remzi Arpaci-Dusseau,remzi-arpacidusseau,30,University of Wisconsin-Madison,
634,Sasha Rush,srush,706,Cornell,
635,hackerxu,taizilongxu,47,Qunar,QunarOPS
636,Patrick Collison,pc,0,Stripe,
637,,ephtracy,9,,
638,Frank A. Krueger,praeclarum,1803,"Krueger Systems, Inc.",
639,,Hvass-Labs,22,Hvass Laboratories,
640,Karim shoair,D4Vinci,945,,IEEE-SCU
641,Behdad Esfahbod,behdad,3766,,"fontforge,OpenType,fonttools,harfbuzz"
642,Don McCurdy,donmccurdy,1669,,"w3c,openleap,aframevr,pmndrs"
643,Brandon Amos,bamos,985,Meta AI (FAIR),"VT-Magnum-Research,adobe-research,locuslab,cmu-rdr,cparse"
644,Pengfei Ni,feiskyer,439,@kubernetes @Microsoft @Azure ,"Azure,kubernetes,maintainers,kubernetes-sigs"
645,Anthony Ferrara,ircmaxell,8,,
646,Doug Lloyd,dlloyd09,7,,
647,Hacking Articles ,Ignitetechnologies,240,,
648,潘伟洲,wzpan,221,@Tencent,"gzlug,hexojs"
649,Yancey Wang,wangyu-,393,USTC / ClemsonU,
650,Mohamed,Bitwise-01,12,,
651,Robbie,random-robbie,166,,
652,Akhil Sharma,AkhilSharma90,254,@myrltech ,
653,Jordan Singer,jordansinger,638,@diagram,"ShippCo,hackarizona,Botlytics,Chain-Schema,diagram"
654,ZhengCheng,1c7,3065,奇绩创坛,MiraclePlus
655,Tianyi Cui,tianyicui,5,Jane Street,
656,Siguza,Siguza,86,,"checkra1n,hack-different"
657,Faria_,embfinformatica,106,,
658,Jeremy Saenz,codegangsta,1160,Synadia,martini-contrib
659,James Reeves,weavejester,242,Boolean Knot Ltd,ring-clojure
660,Andres Alonso ,Al0nnso,158,The Bug Hunter,thebughunter-io
661,Dody Gunawinata,dodyg,268,"SilverKey Technologies, LLC","Wyamio,DotNetStudyGroup"
662,Luca Guidi,jodosha,604,Backend Architect at @toptal ,"hanami,redis-store,dry-rb,lotus"
663,Bruce Hauman,bhauman,19,,
664,John Arundel,bitfield,157,Bitfield Consulting,
665,叶小钗,yexiaochai,0,企鹅医生,
666,Aleksa Gordić,gordicaleksa,240,"ex-DeepMind, ex-Microsoft",
667,bashbunni,bashbunni,478,,charmbracelet
668,Jannis Leidel,jezdez,1388,@anaconda,"django-de,anaconda,pypa,ContinuumIO,conda,django-compressor,getredash,conda-forge,jazzband,rq,psf,conda-incubator,pyscript"
669,David Cramer,dcramer,632,Sentry,getsentry
670,Airyland,airyland,2741,tiny.team,"vuxjs,0x-echo"
671,Leo Lamprecht,leo,4984,,ronin-new
672,,kpwn,0,kjc research,
673,Hank Preston,hpreston,89,Cisco Systems,
674,Valeri Karpov,vkarpov15,4384,,"karma-runner,mongoosejs,mongodb-js,temporalio,mastering-js"
675,Blue edge,blueedgetechno,270,,"Asylum-os,win11react"
676,Eugene,Eugeny,2483,@elements-storage ,"elements-storage,github-beta,ajenti,xtermjs,warp-tech"
677,Oleg Solomka,legomushroom,1290,,"github,Glimpse,githubtraining,Iconmelon,microsoft,OneNoteDev,aspnet,OfficeDev,Azure,mojs,dotnet,github-interviews,umami-org,MicrosoftEdge,MicrosoftDocs,iDribbble,maintainers,VisualStudioLiveShare,actions,microsoft-vs,codespaces-contrib,codspaces,githubnext,skills"
678,Mateusz Burzyński,Andarist,2170,@statelyai,"livechat,babel,rollup,redux-saga,emotion-js,preconstruct,changesets,statelyai"
679,Dmytro Oleksiuk,Cr4sh,3,,
680,Piji Li,lipiji,169,NUAA,textmine
681,True Coder,sefyudem,4,,
682,Mike Levan,AdminTurnedDevOps,414,,
683,Kazuho Oku,kazuho,1665,@fastly ,"jsx,h2o,quicwg"
684,Pedro Marins,pedromarins,162,Conquiste Sua Vaga,"spark-it,riojs-org"
685,Marc Gravell,mgravell,379,Stack Overflow,"protobuf-net,DapperLib"
686,Boris Paillard,Papillard,2,Le Wagon,lewagon
687,Santos Enoque,Santos-Enoque,28,,
688,Guy Bedford,guybedford,1536,@Fastly,"jspm,ModuleLoader,systemjs"
689,Ashutosh Hathidara,ashutosh1919,521,@indiana-university,dsc-iiitdmk
690,Chris Fonnesbeck,fonnesbeck,172,Philadelphia Phillies,pymc-devs
691,Pavel Iakubovskii,qubvel,36,Denti.AI,
692,Johannes Schickling,schickling,1377,,"prisma,ts-plus"
693,damienbod,damienbod,2312,,"WebApiContrib,SwissAngular,isolutionsag,swiss-ssi-group,application-security-workshops"
694,Scott Dong,huanglong-zz,0,微信： codingdream,etaoux
695,Vincent Xie,xiewenwei,2,Boohee,
696,Zhang,Naville,786,,HikariObfuscator
697,Jian Chang,aa65535,162,,
698,Charlotte,huxiaoman7,0,Huawei,
699,Jimmy Fang,fangjian0423,316,@apache,apache
700,Simon Eskildsen,sirupsen,881,Webscale Inc,resque
701,Dominic Szablewski,phoboslab,90,,
702,makerbase,makerbase-mks,64,"Guangzhou Makerbase industry Co.,Ltd",
703,Rachel Thomas,racheltho,87,@fastai ,
704,Aritra Roy,aritraroy,928,@gojek-engineering,
705,Harminder Virk,thetutlage,1595,,"adonisjs,poppinss,dimerapp,adonisjs-community,edge-js"
706,Ramazan Sakin,ramazansakin,899,TEA-Networks,"Volunteer-Developers-Team,Patika-PayCore-BootCamp-Organization,Patika-Todeb-Java-Spring-Bootcamp,SocialResponsibilityProjects"
707,,DivineEngine,0,,
708,Sam,SamSaffron,372,@discourse ,"MiniProfiler,discourse,ruby-bench"
709,Eevee,eevee,11,,veekun
710,Mo Gorhom,gorhom,142,,
711,Double Sine,DoubleLabyrinth,1,,
712,Jack Rusher,jackrusher,72,Applied Science Studio,applied-science
713,Nick Germaine,nickgermaine,6,Nick Germaine,"lirios,RapidWareTech,FeisFWD"
714,Tim Besard,maleadt,3554,@JuliaComputing,"iRail,JuliaLang,JuliaGPU,JuliaCI,JuliaParallel,JuliaComputing,JuliaInterop,JuliaBinaryWrappers,JuliaConcurrent"
715,,mitxela,324,,
716,Diego Hernandes,hernandev,2016,JobPixel Inc.,"laravelbrasil,codecasts,artesaos,brgophers,ambientum,sejakino,rage-against,blocker-solutions,heuristic-dev,pandemapa"
717,m4ll0k (mallok),m4ll0k,9,localhost,recontrol
718,阿崔cxr,cuixiaorui,671,,
719,Erik Berlin,sferik,138,@twitter,"intridea,carlhuda,rubygems,codeforamerica,charlotte-ruby,hackforchange,bundler,erikhuda,lostisland,octokit,tweetstream,bluepill-rb,RubiesOnDaCloud,sounddrop,syndicated-media,maintainers"
720,Jesse Hall,codeSTACKr,201,,
721,Jean Carlo Nascimento,suissa,338,Webschool,"SampaJS,wpbrasil,Webschool-io"
722,maiyang,yangwenmai,584,,"xiaoenai,talkgo,golang-design"
723,Linus Henze,LinusHenze,139,,"allesctf,pinauten"
724,Maggie Appleton,MaggieAppleton,680,@oughtinc,
725,Narasimha Karumanchi,careermonk,4,Narasimha Karumanchi,
726,Hardik Savani,savanihd,631,,
727,jawahar,csjaba,0,Webtoday busieness,
728,秦宇航,qinyuhang,152,,
729,liaoxuezhi,2betop,1402,baidu,fis-dev
730,Balaji S. Srinivasan,balajis,1262,,
731,Faisal Umair,FaisalUmair,974,@theWebArtisans ,theWebArtisans
732,Robert Mosolgo,rmosolgo,1242,,reactjs
733,Liuzh,abel533,211,,guozilanTK
734,Jun Han,formulahendry,331,@Microsoft ,"microsoft,Azure,Visual-Studio-China"
735,Francisco Mahon,FranMahon,29,Paradigma,
736,Ce Gao,gaocegege,2642,@TensorChord,"cosname,sjtug,dyweb,coala,sjtu-yj,SJTU-SE,processing-r,gsoc-cn,sjtu-sail,prism-river,siglt,kubeflow,kubeflow-incubator,minecraft-cn,kleveross,kube-queue,cloudman2077,maintainer-org,deb-sig,tensorchord"
737,David Shapiro,daveshap,410,,
738,Xe Iaso,Xe,1291,@Tailscale,"PonyChat,TheNSABackdoorCommittee,infoforcefeed,shadownet-irc,cod-services,Elemental-IRCd,ponydevs,CinemaQuestria,element-of,cetacean,PonyvilleFM,tailscale,rustfurs,furbooru,tailscale-dev"
739,轻微,zzz40500,0,,
740,Caio Agiani,caioagiani,1653,Mobizon | Levante Investimentos,"mobizon,data-main,levanteideias,76Telecom,nodejs-br,credipag"
741,Abdullah Mansour,abdullahmansss,262,Helpoo,
742,Wang Dàpéng,wong2,1973,Jike,iftechio
743,Andrew Lock,andrewlock,3870,,DataDog
744,Hinamizawa,alejandroatacho,1145,SMART-obc,"Curacao-Developer-Club,osu-lionz,Odoo-Graveyard"
745,Mehmet INCE,mdisec,9,PRODAFT,
746,John Elder,flatplanet,184,Codemy.com,
747,Rebecca Murphey,rmurphey,0,,ot-crew
748,Catalin Miron,catalinmiron,1250,localhost,"react-bucharest,react-cosmos,code-by-example"
749,KAZUMI,Kazumigenesis,0,,
750,Edward Viaene,wardviaene,544,in4it,
751,Shirley Wu,sxywu,109,,
752,Niklas von Hertzen,niklasvh,1,,
753,V Körbes,vkorbes,34,,
754,Dhiraj Upadhyaya,dupadhyaya,390,Gamified Learning Analytics,
755,Tom Augspurger,TomAugspurger,1373,@microsoft,"dask,pangeo-data,asv-runner"
756,Sam Dutton,samdutton,419,Sam Dutton,"GoogleChrome,html5rocks"
757,Yauhen Kavalchuk,YauhenKavalchuk,256,@EPAM Systems,rolling-scopes-school
758,Burak Yigit Kaya,BYK,823,Bloomberg LP,"jstanbul,eslint,xonsh,yarnpkg"
759,Mukesh Murugan,iammukeshm,822,,"aspnetcorehero,blazorhero,codewithmukesh"
760,Henrik Joreteg,HenrikJoreteg,1974,"Human Media, LLC","AmpersandJS,iventerprises"
761,Jerry Gamblin,jgamblin,2039,,
762,Dmitry Ulyanov,DmitryUlyanov,2656,in3D_io,
763,skywalker,seaswalker,6,,
764,Mohammed amine guesmi,maxamin,25,@Self_Employed,
765,JCharis Jesse,Jcharis,48,JCharisTech,jcharistech
766,Pete Skomoroch,datawrangling,0,SkipFlag,
767,Rob Conery,robconery,331,Big Machine,tekpub
768,,linyiLYi,62,,
769,,iikira,8,,
770,João Inácio Neto,birobirobiro,1419,@Rocketseat,getomni
771,Steven Sanderson,SteveSanderson,0,,
772,Edwin Chen,echen,18,https://www.surgehq.ai,
773,Tim Qian,timqian,980,Freelancer,"wechaty,t9tio,side-project-club,repo-analytics,feedspub,ylines,headllines,star-history"
774,Michelle Tilley,BinaryMuse,8,,"nodecasts-net,fluxxor,atom-community-archive,atom-archive,git-school"
775,Richard McElreath,rmcelreath,103,Max Planck Institute for Evolutionary Anthropology,HBEC-MPI-EVA
776,Kaushik Gopal,kaushikgopal,357,@instacart,
777,Mikel Bober-Irizar,mxbi,123,University of Cambridge,"machinelearningnanodegree,lrnr,rgs-sourcebots,rois-codh,qjcr,beacon-meshenger,orbidity,camvote"
778,Sacha Chua,sachac,314,,
779,Justin M. Keyes,justinmk,1319,,neovim
780,trigkit4,hawx1993,790,,
781,,LilyGO,268," Xin Yuan Electronic Technology Co., Ltd.",
782,xiaoyu,yu199195,889,@Dromara @apache ,"apache,dromara"
783,leaf,leafo,3342,itch.zone,"rocks-moonscript-org,itchio"
784,Samuel Okoro,SamuelOkoroShow,26,Software Engineer,
785,KunMinX,KunMinX,4451,,Jetpack-Missionary
786,vincent d warmerdam ,koaning,2053,@explosion,
787,Abdi Hamid,devefy,99,,
788,,nschurmann,11,,
789,Jordan Hudgens,jordanhudgens,5645,devCamp,
790,ちょまど | Madoka Chiyoda,chomado,217,Microsoft,MangaClova
791,Gerasimos (Makis) Maropoulos,kataras,1437,@EndoMedical @golang @iris-contrib @neffos-contrib @responsibility-act,"iris-contrib,responsibility-act,neffos-contrib"
792,Ritwick Dey,ritwickdey,58,,
793,Sonu Sharma,TheAlphamerc,1555,@Pensil-Inc.,pensil-inc
794,Brandon Dail,aweary,2200,@discord,"reactjs,the-Coding-Boot-Camp-at-UT,maintainers"
795,Chandrika Deb,chandrikadeb7,8,Amdocs,"EddieHubCommunity,Bash-Woman-Community"
796,Emil Wallner,emilwallner,265,Palette,
797,Imran Sayed,imranhsayed,2428,rtCamp,
798,Lei Zhang (Harry),resouer,10,@kubernetes,"microsoft,Azure,kubernetes,maintainers,rust-vmm,openkruise,oam-dev"
799,William Durand,willdurand,1314,@mozilla ,"mozilla,FriendsOfSymfony,mozilla-services,clermontech,willdurand-edu,geocoder-php,willdurand-slides,mdn,openjournals,TailorDev,tailordev-commons,tailordev-academy,mozilla-extensions,mozilla-rally"
800,Nicolas Grekas,nicolas-grekas,6112,@SymfonyCorp,"symfony,doctrine"
801,Yury Kashnitsky,Yorko,584,RELX,
802,ourren,ourren,4,,"SecWiki,secdr"
803,Robin Wood,digininja,306,,
804,Aaron Turon,aturon,526,Fastly,"rust-lang,bytecodealliance"
805,Charies Gavin,guobinhit,203,@bytedance,
806,Ran Luo,Jocs,7,@marktext,marktext
807,Zack Chase Lipton,zackchase,49,"CMU, Amazon",d2l-ai
808,Jose Pino,jofpin,72,@0xandro,"bullgit,Framaterial,spartug,boxug,trapeco,0xandro"
809,aaa,pisual,0,,
810,Josh Bleecher Snyder,josharian,190,Canopy Climate,card-io
811,ihc童鞋@提不起劲,ihciah,476,@ByteDance,"bytedance,sixstars,monoio-rs"
812,bryan,YouChouNoBB,0,,
813,Jacob Kelley,jakiestfu,821,@turo  ,
814,Steve Gordon,stevejgordon,899,@elastic ,"HTBox,dotnetsoutheast"
815,fhysdwh,w37fhy,37,飞享一刻,
816,Johan Brandhorst-Satzkorn,johanbrandhorst,1392,@HashiCorp,"golang,gogo,lalbuild,tinygo-org"
817,Leon Stafford,leonstafford,433,,"lokl-dev,Appish"
818,Angga Risky,anggarisky,331,,
819,Nightfall,NightfallGT,0,,
820,Javier Bórquez,javierbyte,865,@Vercel,"vercel,ninorico"
821,Alexander D'yakonov (Александр Дьяконов),Dyakonov,97,Lomonosov MSU (МГУ),
822,Liran Tal,lirantal,2575,@snyk,"meanjs,nodejs,snyk,jsheroes,verdaccio,TheSecureDeveloper,snyk-labs,create-node,GitHub-Stars,snyk-ambassadors"
823,threedr3am,threedr3am,12,,SecCoder-Security-Lab
824,,fiverrSellerIntegration,0,,
825,Duncan Ogilvie,mrexodia,1146,,"x64dbg,thesecretclub"
826,Ian Lance Taylor,ianlancetaylor,339,@google,swig
827,Athos F. Bernardo,AthosFB,5,,
828,Ryuichi Yamamoto,r9y9,2265,@line,"JuliaOpenCV,JuliaPCL"
829,David Wells,DavidWells,1624,@vendia  ,"inboundnow,vendia"
830,Kirill Semaev,ksemaev,0,,
831,Alessandro,Alecaddd,134,Mozilla Thunderbird,"thundernest,akiraux"
832,Mitch Koko,mitchkoko,37,,
833,Andrew Chael,achael,130,Princeton University,
834,Anankke,Anankke,218,,"sspanel-uim,Project-Polaris,SSPanel-Inc"
835,,twtrubiks,210,,
836,xujingfeng,lexburner,0,alibaba.inc,
837,鸭王,TheKingOfDuck,23,@阿巴阿巴,360-Linton-Lab
838,Nico Schlömer,nschloe,7604,Monday Tech,"pytub,trilinos,matlab2tikz"
839,Davies Liu,davies,2314,@juicedata ,
840,,strafe,5,,
841,Jingtian Peng,DjangoPeng,30,,"kubeflow,ProtoSchool,ml-gde"
842,Julian Grajewski,jgraj,393,,cup-lang
843,Jhey Tompkins,jh3y,11525,jh3y,shiftbear
844,Alex Ionescu,ionescu007,11,Winsider Seminars & Solutions Inc.,
845,Daniel Imms,Tyriar,5944,@Microsoft,"thesassway,microsoft,Azure,xtermjs,gwtw,MicrosoftDocs,maintainers,lunapaint,devcontainers"
846,Avdi Grimm,avdi,79,ShipRise,"nulldb,objects-on-rails"
847,goroutine,ngaut,276,PingCAP,"pingcap,tikv"
848,neargle,neargle,1043,@Tencent,"ysrc,opensec-cn,cdk-team"
849,C. T. Lin,chentsulin,4122,@Dcard,"rubytaiwan,laravel-taiwan,reactjs,Dcard,graphql-community,electron-react-boilerplate,bottenderjs,graphql-tw"
850,,guaxiao,0,,
851,Vladimir Dementyev,palkan,2455,@evilmartians ,"evilmartians,planetruby,anycable,rubocop-hq"
852,Jeremy Tammik,jeremytammik,2287,Autodesk,CompHound
853,Nevo David,nevo-david,1080,Novu,
854,Shubham Kr. Singh,Shubham0812,133,iOS Developer @ Dailyrounds / Marrow,
855,Thomas Crider,GloriousEggroll,256,Red Hat,
856,Sandeep Mistry,sandeepmistry,111,Arm,"MakeBluetooth,ArmDeveloperEcosystem"
857,Blake Embrey,blakeembrey,856,@opendoor-labs ,"component,hackreactor,DefinitelyTyped,expressjs,TypeStrong,github-beta,jshttp,Thinkful-Ed,pillarjs,typings,alm-tools,typed-typings,standardschema,borderless,maintainers,serviejs"
858,,ptrblck,118,,
859,tobe,tobegit3hub,864,@4Paradigm,
860,Steven Troughton-Smith,steventroughtonsmith,321,High Caffeine Content,
861,Shσn Sαnthσsh ,mjvbz,14,Meta ( @facebook ),
862,Kevin Owocki,owocki,156,@gitcoinco  ,
863,Sultan Alsawaf,kerneltoast,1030,,
864,Tamim Shahriar,tamim,0,,
865,Andrew Tridgell,tridge,2982,AerialRobotics Australia Pty Ltd,"mavlink,diydrones,dronecan"
866,Tu Yimin,mmin18,0,,
867,居戎氏,lotem,352,,"rimeime,rime"
868,jake100,jake100,34,,
869,Sergei Ermolaev,ermolnik,207,,Android-Academy-Global
870,Odi,mathdroid,346,@on-deck,
871,Dmytro Danylyk,dmytrodanylyk,469,Atlassian,
872,David Lord,davidism,1601,,"wtforms,sopython,pallets,autoinvent"
873,,AEFaour,7,,
874,Nick Fitzgerald,fitzgen,1128,,"servo,rust-lang,papers-we-love,pdxrust,gimli-rs,rust-fuzz,rustwasm,bytecodealliance"
875,Dawei Ma,madawei2699,1385,@bmpi-dev,
876,Kabir Shah,kbrsh,193,,
877,Stefan Penner,stefanpenner,94,@LinkedIn,"linkedin,innovatis,emberjs,babel,heimdalljs"
878,TUPE GROUP,TupeEdx,0,TUPE GROUP,
879,Code Maze,CodeMazeBlog,250,Code Maze,
880,Phil Tabor,philtabor,15,,
881,Faraz Fallahi,fffaraz,3216,Software Engineer,"KN2C,siucacm"
882,Blake Mizerany,bmizerany,550,,"sinatra,pat-go"
